image_id,filename,codec,quality,ssim,psnr,msssim,msssim_db,bytes,bpp,perceptual similarity
0,mdab5dc4b068.png,guetzli,99,0.9836210469031766,42.14647359198885,0.9983148175610104,27.733530752333206,140119,4.276092529296875,0.005345599725842476
